{"I":15,"am":2,"happy":1,"to":60,"join":3,"with":16,"you":8,"today":9,"in":22,"what":1,"will":26,"go":9,"down":4,"history":2,"as":20,"the":102,"greatest":1,"demonstration":1,"for":9,"freedom":20,"of":99,"our":17,"nation":10,"Five":1,"score":1,"years":5,"ago":1,"a":38,"great":5,"American":4,"whose":1,"symbolic":1,"shadow":1,"we":33,"stand":3,"signed":1,"Emancipation":1,"Proclamation":1,"This":19,"momentous":1,"decree":1,"came":2,"beacon":1,"light":1,"hope":4,"millions":1,"Negro":13,"slaves":2,"who":4,"had":1,"been":2,"seared":1,"flames":1,"withering":1,"injustice":3,"It":6,"joyous":1,"daybreak":1,"end":2,"long":6,"night":1,"their":8,"captivity":1,"But":6,"one":13,"hundred":4,"later":4,"still":4,"is":23,"not":13,"free":5,"life":2,"sadly":1,"crippled":1,"by":8,"manacles":1,"segregation":2,"and":41,"chains":1,"discrimination":1,"lives":1,"on":5,"lonely":1,"island":1,"poverty":1,"midst":1,"vast":1,"ocean":1,"material":1,"prosperity":1,"languishing":1,"corners":1,"society":1,"finds":1,"himself":1,"an":4,"exile":1,"his":3,"own":1,"land":4,"So":4,"have":20,"come":10,"here":3,"dramatize":1,"shameful":1,"condition":1,"sense":1,"nation's":1,"capital":1,"cash":2,"check":5,"When":7,"architects":1,"republic":1,"wrote":1,"magnificent":1,"words":3,"Constitution":1,"Declaration":1,"Independence":1,"they":3,"were":1,"signing":1,"promissory":2,"note":3,"which":5,"every":10,"was":2,"fall":1,"heir":1,"promise":1,"that":24,"all":7,"men":6,"yes":1,"black":4,"well":1,"white":6,"would":2,"be":32,"guaranteed":1,"unalienable":1,"rights":3,"liberty":2,"pursuit":1,"happiness":1,"obvious":1,"America":5,"has":5,"defaulted":1,"insofar":1,"her":1,"citizens":1,"color":2,"are":8,"concerned":1,"Instead":1,"honoring":1,"sacred":1,"obligation":1,"given":1,"people":3,"bad":1,"back":9,"marked":1,"insufficient":2,"funds":2,"refuse":2,"believe":2,"bank":1,"justice":8,"bankrupt":1,"there":6,"vaults":1,"opportunity":1,"give":1,"us":4,"upon":1,"demand":1,"riches":1,"security":1,"also":1,"hallowed":1,"spot":1,"remind":1,"fierce":1,"urgency":2,"now":6,"no":3,"time":5,"engage":1,"luxury":1,"cooling":1,"off":2,"or":1,"take":1,"tranquilizing":1,"drug":1,"gradualism":1,"make":3,"real":1,"promises":1,"democracy":1,"rise":3,"from":18,"dark":1,"desolate":1,"valley":3,"sunlit":1,"path":1,"racial":2,"lift":1,"quick":1,"sands":1,"solid":1,"rock":1,"brotherhood":3,"reality":1,"God's":3,"children":5,"fatal":1,"overlook":1,"moment":1,"sweltering":3,"summer":1,"Negro's":2,"legitimate":1,"discontent":1,"pass":1,"until":4,"invigorating":1,"autumn":1,"equality":1,"Nineteen":1,"sixty-three":1,"beginning":1,"Those":2,"needed":1,"blow":1,"steam":1,"content":2,"rude":1,"awakening":1,"if":2,"returns":1,"business":1,"usual":1,"neither":1,"rest":1,"nor":1,"tranquility":1,"granted":1,"citizenship":1,"whirlwinds":1,"revolt":1,"continue":2,"shake":1,"foundations":1,"bright":1,"day":11,"emerges":1,"something":1,"must":8,"say":2,"my":5,"warm":1,"threshold":1,"leads":1,"into":4,"palace":1,"process":1,"gaining":1,"rightful":1,"place":1,"guilty":1,"wrongful":1,"deeds":1,"Let":13,"seek":1,"satisfy":1,"thirst":1,"drinking":1,"cup":1,"bitterness":1,"hatred":1,"forever":1,"conduct":1,"struggle":2,"high":1,"plane":1,"dignity":2,"discipline":1,"allow":2,"creative":2,"protest":1,"degenerate":1,"physical":2,"violence":1,"Again":2,"majestic":1,"heights":1,"meeting":1,"force":2,"soul":1,"marvelous":1,"new":5,"militancy":1,"engulfed":1,"community":1,"lead":1,"distrust":1,"many":1,"brothers":2,"evidenced":1,"presence":1,"realize":2,"destiny":2,"tied":1,"up":4,"inextricably":1,"bound":1,"cannot":6,"walk":2,"alone":1,"pledge":1,"shall":5,"always":1,"march":1,"ahead":1,"turn":1,"asking":1,"devotees":1,"civil":1,"satisfied":8,"can":4,"never":3,"victim":1,"unspeakable":1,"horrors":1,"police":2,"brutality":2,"bodies":1,"heavy":1,"fatigue":1,"travel":1,"gain":1,"lodging":1,"motels":1,"highways":1,"hotels":1,"cities":2,"basic":1,"mobility":1,"smaller":1,"ghetto":1,"larger":1,"stripped":1,"selfhood":1,"robbed":1,"signs":1,"stating":1,"Whites":1,"Only":2,"Mississippi":4,"vote":2,"York":2,"believes":1,"he":1,"nothing":1,"rolls":1,"like":2,"waters":1,"righteousness":1,"mighty":2,"stream":1,"unmindful":1,"some":3,"out":3,"trials":1,"tribulations":1,"fresh":1,"narrow":1,"jail":2,"cells":1,"areas":1,"where":3,"your":1,"quest":1,"left":1,"battered":1,"storms":1,"persecution":1,"staggered":1,"winds":1,"veterans":1,"suffering":2,"work":2,"faith":5,"unearned":1,"redemptive":1,"Alabama":3,"South":2,"Carolina":1,"Georgia":3,"Louisiana":1,"slums":1,"ghettos":1,"northern":1,"knowing":2,"somehow":1,"situation":1,"changed":1,"wallow":1,"despair":2,"friends":1,"even":2,"though":1,"face":1,"difficulties":1,"tomorrow":1,"dream":11,"deeply":1,"rooted":1,"live":2,"true":2,"meaning":2,"its":3,"creed":1,"hold":1,"these":1,"truths":1,"self-evident":1,"created":1,"equal":1,"red":1,"hills":1,"sons":2,"former":2,"slave":1,"owners":1,"able":8,"sit":1,"together":7,"at":4,"table":1,"state":3,"heat":2,"oppression":1,"transformed":1,"oasis":1,"four":1,"little":3,"judged":1,"skin":1,"character":1,"vicious":1,"racists":1,"governor":1,"having":1,"lips":1,"dripping":1,"interposition":1,"nullification":1,"right":1,"boys":2,"girls":2,"hands":2,"sisters":1,"exalted":1,"hill":2,"mountain":4,"made":3,"low":1,"rough":1,"places":2,"plain":1,"crooked":1,"straight":1,"glory":1,"Lord":1,"revealed":1,"flesh":1,"see":1,"hew":1,"stone":2,"transform":1,"jangling":1,"discords":1,"beautiful":1,"symphony":1,"pray":1,"sing":3,"country":1,"'tis":1,"thee":2,"sweet":1,"fathers":1,"died":1,"pilgrim's":1,"pride":1,"mountainside":2,"ring":12,"become":1,"prodigious":1,"hilltops":1,"Hampshire":1,"mountains":1,"heightening":1,"Alleghenies":1,"Pennsylvania":1,"snowcapped":1,"Rockies":1,"Colorado":1,"curvaceous":1,"slopes":1,"California":1,"Lookout":1,"Tennessee":1,"molehill":1,"happens":1,"village":1,"hamlet":1,"city":1,"speed":1,"Jews":1,"Gentiles":1,"Protestants":1,"Catholics":1,"old":1,"spiritual":1,"last":3,"thank":1,"God":1,"Almighty":1}